<keymap version="1" name="Mac OS X 10.5+ pc" parent="$default">
  <action id="$Delete">
    <keyboard-shortcut first-keystroke="delete" />
    <keyboard-shortcut first-keystroke="back_space" />
    <keyboard-shortcut first-keystroke="ctrl back_space" />
  </action>
  <action id="$LRU">
    <keyboard-shortcut first-keystroke="shift ctrl p" />
  </action>
  <action id="$Undo">
    <keyboard-shortcut first-keystroke="ctrl z" />
  </action>
  <action id="ActivateDatabaseToolWindow">
    <keyboard-shortcut first-keystroke="ctrl 8" />
  </action>
  <action id="ActivateDebugToolWindow">
    <keyboard-shortcut first-keystroke="ctrl 5" />
  </action>
  <action id="ActivateFavoritesToolWindow">
    <keyboard-shortcut first-keystroke="ctrl 2" />
  </action>
  <action id="ActivateFindToolWindow">
    <keyboard-shortcut first-keystroke="ctrl 3" />
  </action>
  <action id="ActivateGradleToolWindow">
    <keyboard-shortcut first-keystroke="ctrl 6" />
  </action>
  <action id="ActivateMessagesToolWindow">
    <keyboard-shortcut first-keystroke="ctrl 0" />
  </action>
  <action id="ActivateProjectToolWindow">
    <keyboard-shortcut first-keystroke="ctrl 1" />
  </action>
  <action id="ActivateRunToolWindow">
    <keyboard-shortcut first-keystroke="ctrl 4" />
  </action>
  <action id="ActivateStructureToolWindow">
    <keyboard-shortcut first-keystroke="ctrl 7" />
  </action>
  <action id="ActivateTODOToolWindow" />
  <action id="ActivateVersionControlToolWindow">
    <keyboard-shortcut first-keystroke="ctrl 9" />
  </action>
  <action id="AutoIndentLines">
    <keyboard-shortcut first-keystroke="meta alt i" />
  </action>
  <action id="Back">
    <keyboard-shortcut first-keystroke="ctrl open_bracket" />
    <keyboard-shortcut first-keystroke="ctrl alt left" />
    <mouse-shortcut keystroke="button4" />
  </action>
  <action id="CallHierarchy">
    <keyboard-shortcut first-keystroke="meta alt h" />
  </action>
  <action id="ChangesView.SetDefault">
    <keyboard-shortcut first-keystroke="meta space" />
  </action>
  <action id="ChooseDebugConfiguration">
    <keyboard-shortcut first-keystroke="meta alt d" />
  </action>
  <action id="ChooseRunConfiguration">
    <keyboard-shortcut first-keystroke="meta alt r" />
  </action>
  <action id="ClassNameCompletion">
    <keyboard-shortcut first-keystroke="meta alt space" />
  </action>
  <action id="CloseActiveTab">
    <keyboard-shortcut first-keystroke="shift meta f4" />
  </action>
  <action id="CloseAllEditorsButActive">
    <keyboard-shortcut first-keystroke="shift ctrl w" />
  </action>
  <action id="CloseContent">
    <keyboard-shortcut first-keystroke="ctrl w" />
  </action>
  <action id="CodeCompletion">
    <keyboard-shortcut first-keystroke="meta space" />
  </action>
  <action id="CommentByBlockComment">
    <keyboard-shortcut first-keystroke="ctrl alt slash" />
    <keyboard-shortcut first-keystroke="ctrl alt divide" />
    <keyboard-shortcut first-keystroke="shift meta slash" />
    <keyboard-shortcut first-keystroke="shift meta divide" />
    <keyboard-shortcut first-keystroke="shift ctrl slash" />
    <keyboard-shortcut first-keystroke="shift ctrl divide" />
    <keyboard-shortcut first-keystroke="shift ctrl divide" />
  </action>
  <action id="ContextHelp" />
  <action id="Debug">
    <keyboard-shortcut first-keystroke="meta d" />
  </action>
  <action id="DebugClass">
    <keyboard-shortcut first-keystroke="shift meta d" />
  </action>
  <action id="DecreaseColumnWidth" />
  <action id="Diff.FocusOppositePane">
    <keyboard-shortcut first-keystroke="meta tab" />
  </action>
  <action id="Diff.FocusOppositePaneAndScroll">
    <keyboard-shortcut first-keystroke="shift meta tab" />
  </action>
  <action id="Diff.NextChange">
    <keyboard-shortcut first-keystroke="shift ctrl close_bracket" />
    <keyboard-shortcut first-keystroke="meta right" />
  </action>
  <action id="Diff.PrevChange">
    <keyboard-shortcut first-keystroke="shift ctrl open_bracket" />
    <keyboard-shortcut first-keystroke="meta left" />
  </action>
  <action id="EditSource">
    <keyboard-shortcut first-keystroke="ctrl down" />
    <keyboard-shortcut first-keystroke="f4" />
  </action>
  <action id="Editor LRU">
    <keyboard-shortcut first-keystroke="shift ctrl p" />
  </action>
  <action id="EditorBackSpace">
    <keyboard-shortcut first-keystroke="back_space" />
    <keyboard-shortcut first-keystroke="shift back_space" />
  </action>
  <action id="EditorChooseLookupItemDot">
    <keyboard-shortcut first-keystroke="meta period" />
  </action>
  <action id="EditorCodeBlockEnd">
    <keyboard-shortcut first-keystroke="ctrl alt close_bracket" />
  </action>
  <action id="EditorCodeBlockEndWithSelection">
    <keyboard-shortcut first-keystroke="shift ctrl alt close_bracket" />
  </action>
  <action id="EditorCodeBlockStart">
    <keyboard-shortcut first-keystroke="ctrl alt open_bracket" />
  </action>
  <action id="EditorCodeBlockStartWithSelection">
    <keyboard-shortcut first-keystroke="shift ctrl alt open_bracket" />
  </action>
  <action id="EditorCompleteStatement">
    <keyboard-shortcut first-keystroke="shift ctrl enter" />
    <keyboard-shortcut first-keystroke="shift ctrl semicolon" />
    <keyboard-shortcut first-keystroke="ctrl alt semicolon" />
  </action>
  <action id="EditorContextInfo">
    <keyboard-shortcut first-keystroke="shift meta q" />
  </action>
  <action id="EditorCutLineEnd">
    <keyboard-shortcut first-keystroke="meta k" />
  </action>
  <action id="EditorDelete">
    <keyboard-shortcut first-keystroke="delete" />
  </action>
  <action id="EditorDeleteLine">
    <keyboard-shortcut first-keystroke="ctrl back_space" />
  </action>
  <action id="EditorDeleteToWordEnd">
    <keyboard-shortcut first-keystroke="alt delete" />
  </action>
  <action id="EditorDeleteToWordStart">
    <keyboard-shortcut first-keystroke="alt back_space" />
  </action>
  <action id="EditorDown">
    <keyboard-shortcut first-keystroke="down" />
  </action>
  <action id="EditorJoinLines">
    <keyboard-shortcut first-keystroke="shift meta j" />
  </action>
  <action id="EditorLeft">
    <keyboard-shortcut first-keystroke="left" />
  </action>
  <action id="EditorLineEnd">
    <keyboard-shortcut first-keystroke="end" />
    <keyboard-shortcut first-keystroke="meta e" />
  </action>
  <action id="EditorLineStart">
    <keyboard-shortcut first-keystroke="home" />
    <keyboard-shortcut first-keystroke="meta a" />
  </action>
  <action id="EditorLookupDown">
    <keyboard-shortcut first-keystroke="meta down" />
  </action>
  <action id="EditorLookupUp">
    <keyboard-shortcut first-keystroke="meta up" />
  </action>
  <action id="EditorMatchBrace">
    <keyboard-shortcut first-keystroke="meta m" />
  </action>
  <action id="EditorMoveToPageBottom" />
  <action id="EditorMoveToPageTop" />
  <action id="EditorNextWord">
    <keyboard-shortcut first-keystroke="alt right" />
    <keyboard-shortcut first-keystroke="ctrl right" />
  </action>
  <action id="EditorNextWordWithSelection">
    <keyboard-shortcut first-keystroke="shift alt right" />
    <keyboard-shortcut first-keystroke="shift ctrl right" />
  </action>
  <action id="EditorPreviousWord">
    <keyboard-shortcut first-keystroke="alt left" />
    <keyboard-shortcut first-keystroke="ctrl left" />
  </action>
  <action id="EditorPreviousWordWithSelection">
    <keyboard-shortcut first-keystroke="shift alt left" />
    <keyboard-shortcut first-keystroke="shift ctrl left" />
  </action>
  <action id="EditorRight">
    <keyboard-shortcut first-keystroke="right" />
  </action>
  <action id="EditorScrollDown" />
  <action id="EditorScrollToCenter" />
  <action id="EditorScrollUp" />
  <action id="EditorSelectWord">
    <keyboard-shortcut first-keystroke="alt up" />
  </action>
  <action id="EditorStartNewLine">
    <keyboard-shortcut first-keystroke="shift enter" />
  </action>
  <action id="EditorToggleColumnMode">
    <keyboard-shortcut first-keystroke="shift ctrl 8" />
  </action>
  <action id="EditorUnSelectWord">
    <keyboard-shortcut first-keystroke="alt down" />
  </action>
  <action id="EditorUp">
    <keyboard-shortcut first-keystroke="up" />
  </action>
  <action id="EmojiAndSymbols">
    <keyboard-shortcut first-keystroke="ctrl meta space" />
  </action>
  <action id="Exit">
    <keyboard-shortcut first-keystroke="ctrl q" />
  </action>
  <action id="ExpandAllToLevel1">
    <keyboard-shortcut first-keystroke="ctrl alt multiply" second-keystroke="1" />
    <keyboard-shortcut first-keystroke="ctrl alt multiply" second-keystroke="numpad1" />
  </action>
  <action id="ExpandAllToLevel2">
    <keyboard-shortcut first-keystroke="ctrl alt multiply" second-keystroke="2" />
    <keyboard-shortcut first-keystroke="ctrl alt multiply" second-keystroke="numpad2" />
  </action>
  <action id="ExpandAllToLevel3">
    <keyboard-shortcut first-keystroke="ctrl alt multiply" second-keystroke="3" />
    <keyboard-shortcut first-keystroke="ctrl alt multiply" second-keystroke="numpad3" />
  </action>
  <action id="ExpandAllToLevel4">
    <keyboard-shortcut first-keystroke="ctrl alt multiply" second-keystroke="4" />
    <keyboard-shortcut first-keystroke="ctrl alt multiply" second-keystroke="numpad4" />
  </action>
  <action id="ExpandAllToLevel5">
    <keyboard-shortcut first-keystroke="ctrl alt multiply" second-keystroke="5" />
    <keyboard-shortcut first-keystroke="ctrl alt multiply" second-keystroke="numpad5" />
  </action>
  <action id="ExportToTextFile">
    <keyboard-shortcut first-keystroke="meta o" />
  </action>
  <action id="ExpressionTypeInfo">
    <keyboard-shortcut first-keystroke="shift meta p" />
  </action>
  <action id="ExternalJavaDoc">
    <keyboard-shortcut first-keystroke="shift f1" />
  </action>
  <action id="FileChooser.TogglePathShowing">
    <keyboard-shortcut first-keystroke="ctrl p" />
  </action>
  <action id="Find">
    <keyboard-shortcut first-keystroke="ctrl f" />
  </action>
  <action id="FindInPath">
    <keyboard-shortcut first-keystroke="shift ctrl f" />
  </action>
  <action id="FindNext">
    <keyboard-shortcut first-keystroke="ctrl g" />
  </action>
  <action id="FindPrevious">
    <keyboard-shortcut first-keystroke="shift ctrl g" />
  </action>
  <action id="FindWordAtCaret" />
  <action id="Forward">
    <keyboard-shortcut first-keystroke="ctrl close_bracket" />
    <keyboard-shortcut first-keystroke="ctrl alt right" />
    <mouse-shortcut keystroke="button5" />
  </action>
  <action id="Generate">
    <keyboard-shortcut first-keystroke="ctrl n" />
    <keyboard-shortcut first-keystroke="meta enter" />
  </action>
  <action id="GotoAction">
    <keyboard-shortcut first-keystroke="shift ctrl a" />
  </action>
  <action id="GotoBookmark0">
    <keyboard-shortcut first-keystroke="meta 0" />
  </action>
  <action id="GotoBookmark1">
    <keyboard-shortcut first-keystroke="meta 1" />
  </action>
  <action id="GotoBookmark2">
    <keyboard-shortcut first-keystroke="meta 2" />
  </action>
  <action id="GotoBookmark3">
    <keyboard-shortcut first-keystroke="meta 3" />
  </action>
  <action id="GotoBookmark4">
    <keyboard-shortcut first-keystroke="meta 4" />
  </action>
  <action id="GotoBookmark5">
    <keyboard-shortcut first-keystroke="meta 5" />
  </action>
  <action id="GotoBookmark6">
    <keyboard-shortcut first-keystroke="meta 6" />
  </action>
  <action id="GotoBookmark7">
    <keyboard-shortcut first-keystroke="meta 7" />
  </action>
  <action id="GotoBookmark8">
    <keyboard-shortcut first-keystroke="meta 8" />
  </action>
  <action id="GotoBookmark9">
    <keyboard-shortcut first-keystroke="meta 9" />
  </action>
  <action id="GotoChangedFile">
    <keyboard-shortcut first-keystroke="ctrl o" />
  </action>
  <action id="GotoClass">
    <keyboard-shortcut first-keystroke="ctrl o" />
  </action>
  <action id="GotoFile">
    <keyboard-shortcut first-keystroke="shift ctrl o" />
  </action>
  <action id="GotoLine">
    <keyboard-shortcut first-keystroke="ctrl l" />
  </action>
  <action id="GotoNextElementUnderCaretUsage">
    <keyboard-shortcut first-keystroke="ctrl alt down" />
  </action>
  <action id="GotoPrevElementUnderCaretUsage">
    <keyboard-shortcut first-keystroke="ctrl alt up" />
  </action>
  <action id="GotoRelated">
    <keyboard-shortcut first-keystroke="ctrl meta up" />
  </action>
  <action id="GotoSymbol">
    <keyboard-shortcut first-keystroke="ctrl alt o" />
  </action>
  <action id="GotoTypeDeclaration">
    <keyboard-shortcut first-keystroke="shift ctrl b" />
    <keyboard-shortcut first-keystroke="shift meta b" />
    <mouse-shortcut keystroke="shift control button1" />
  </action>
  <action id="ImplementMethods">
    <keyboard-shortcut first-keystroke="meta i" />
  </action>
  <action id="IncreaseColumnWidth" />
  <action id="IncrementWindowWidth" />
  <action id="MethodDown">
    <keyboard-shortcut first-keystroke="meta down" />
  </action>
  <action id="MethodOverloadSwitchDown">
    <keyboard-shortcut first-keystroke="alt down" />
  </action>
  <action id="MethodOverloadSwitchUp">
    <keyboard-shortcut first-keystroke="alt up" />
  </action>
  <action id="MethodUp">
    <keyboard-shortcut first-keystroke="meta up" />
  </action>
  <action id="MinimizeCurrentWindow">
    <keyboard-shortcut first-keystroke="ctrl m" />
  </action>
  <action id="NewElement">
    <keyboard-shortcut first-keystroke="ctrl n" />
    <keyboard-shortcut first-keystroke="meta enter" />
  </action>
  <action id="NewElementSamePlace">
    <keyboard-shortcut first-keystroke="meta alt n" />
  </action>
  <action id="NewScratchFile">
    <keyboard-shortcut first-keystroke="shift ctrl n" />
  </action>
  <action id="NextEditorTab">
    <keyboard-shortcut first-keystroke="shift meta right" />
  </action>
  <action id="NextProjectWindow">
    <keyboard-shortcut first-keystroke="ctrl alt back_quote" />
  </action>
  <action id="NextSplitter">
    <keyboard-shortcut first-keystroke="alt tab" />
  </action>
  <action id="NextTab">
    <keyboard-shortcut first-keystroke="shift ctrl close_bracket" />
    <keyboard-shortcut first-keystroke="meta right" />
    <keyboard-shortcut first-keystroke="ctrl page_down" />
  </action>
  <action id="OptimizeImports">
    <keyboard-shortcut first-keystroke="meta alt o" />
  </action>
  <action id="OverrideMethods">
    <keyboard-shortcut first-keystroke="meta o" />
  </action>
  <action id="PrevSplitter">
    <keyboard-shortcut first-keystroke="shift alt tab" />
  </action>
  <action id="PreviousEditorTab">
    <keyboard-shortcut first-keystroke="shift meta left" />
  </action>
  <action id="PreviousProjectWindow">
    <keyboard-shortcut first-keystroke="shift ctrl alt back_quote" />
  </action>
  <action id="PreviousTab">
    <keyboard-shortcut first-keystroke="shift ctrl open_bracket" />
    <keyboard-shortcut first-keystroke="meta left" />
    <keyboard-shortcut first-keystroke="ctrl page_up" />
  </action>
  <action id="QuickChangeScheme">
    <keyboard-shortcut first-keystroke="meta back_quote" />
  </action>
  <action id="QuickImplementations">
    <keyboard-shortcut first-keystroke="alt space" />
    <keyboard-shortcut first-keystroke="ctrl y" />
  </action>
  <action id="QuickJavaDoc">
    <keyboard-shortcut first-keystroke="f1" />
    <keyboard-shortcut first-keystroke="meta j" />
    <mouse-shortcut keystroke="meta button2" />
  </action>
  <action id="Refactorings.QuickListPopupAction">
    <keyboard-shortcut first-keystroke="meta t" />
  </action>
  <action id="Refresh">
    <keyboard-shortcut first-keystroke="ctrl r" />
  </action>
  <action id="ReplaceInPath">
    <keyboard-shortcut first-keystroke="shift ctrl r" />
  </action>
  <action id="Rerun" />
  <action id="RerunTests">
    <keyboard-shortcut first-keystroke="ctrl meta r" />
    <keyboard-shortcut first-keystroke="shift alt r" />
  </action>
  <action id="ResizeToolWindowLeft" />
  <action id="ResizeToolWindowRight" />
  <action id="Resume">
    <keyboard-shortcut first-keystroke="ctrl alt r" />
    <keyboard-shortcut first-keystroke="f9" />
  </action>
  <action id="Run">
    <keyboard-shortcut first-keystroke="meta r" />
  </action>
  <action id="RunClass">
    <keyboard-shortcut first-keystroke="shift meta r" />
  </action>
  <action id="RunDashboard.ShowConfigurations">
    <keyboard-shortcut first-keystroke="shift ctrl t" />
  </action>
  <action id="SafeDelete">
    <keyboard-shortcut first-keystroke="ctrl delete" />
  </action>
  <action id="SelectAllOccurrences">
    <keyboard-shortcut first-keystroke="ctrl meta g" />
  </action>
  <action id="SelectInProjectView">
    <keyboard-shortcut first-keystroke="shift ctrl 1" />
  </action>
  <action id="SelectNextOccurrence">
    <keyboard-shortcut first-keystroke="meta g" />
  </action>
  <action id="ShowBookmarks">
    <keyboard-shortcut first-keystroke="ctrl f3" />
  </action>
  <action id="ShowContent">
    <keyboard-shortcut first-keystroke="meta down" />
  </action>
  <action id="ShowFilterPopup">
    <keyboard-shortcut first-keystroke="meta alt f" />
  </action>
  <action id="ShowNavBar">
    <keyboard-shortcut first-keystroke="ctrl up" />
    <keyboard-shortcut first-keystroke="alt home" />
  </action>
  <action id="ShowPopupMenu" />
  <action id="ShowProjectStructureSettings">
    <keyboard-shortcut first-keystroke="ctrl semicolon" />
  </action>
  <action id="ShowRecentTests" />
  <action id="ShowSettings">
    <keyboard-shortcut first-keystroke="ctrl comma" />
  </action>
  <action id="SmartTypeCompletion">
    <keyboard-shortcut first-keystroke="shift meta space" />
  </action>
  <action id="Switcher">
    <keyboard-shortcut first-keystroke="ctrl tab" />
    <keyboard-shortcut first-keystroke="shift ctrl tab" />
  </action>
  <action id="TestGestureAction" />
  <action id="ToggleBookmark1" />
  <action id="ToggleMainMenuAction">
    <keyboard-shortcut first-keystroke="shift ctrl m" />
  </action>
  <action id="Vcs.Log.ShowAllAffected" />
  <action id="Vcs.QuickListPopupAction">
    <keyboard-shortcut first-keystroke="alt back_quote" />
    <keyboard-shortcut first-keystroke="meta v" />
  </action>
  <action id="VcsHistory.ShowAllAffected" />
</keymap>